Name	Date	Price	Minimum	Maximum	Variation	Variation(%)	Volume
ITUB4	30/12/2015	26,33	26,07	26,53	-0,09	-0,34	12.804.100
ITUB4	29/12/2015	26,42	26,28	26,66	0,02	0,08	7.280.100
ITUB4	28/12/2015	26,40	26,40	26,72	-0,10	-0,38	17.093.200
ITUB4	23/12/2015	26,50	26,31	27,09	-0,10	-0,38	11.873.000
ITUB4	22/12/2015	26,60	26,30	26,96	0,17	0,64	16.978.700
ITUB4	21/12/2015	26,43	26,30	27,20	-0,50	-1,86	19.499.500
ITUB4	18/12/2015	26,93	26,93	27,97	-1,66	-5,81	33.809.200
ITUB4	17/12/2015	28,59	28,46	29,07	0,48	1,71	12.045.600
ITUB4	16/12/2015	28,11	27,40	28,27	-0,19	-0,67	17.538.200
ITUB4	15/12/2015	28,30	28,21	28,81	0,18	0,64	20.169.400
ITUB4	14/12/2015	28,12	27,91	28,58	-0,68	-2,36	12.056.700
ITUB4	11/12/2015	28,80	28,37	29,05	0,00	0,00	13.557.300
ITUB4	10/12/2015	28,80	28,61	29,09	-0,17	-0,59	14.454.800
ITUB4	9/12/2015	29,15	28,02	29,23	1,50	5,42	28.862.100
ITUB4	8/12/2015	27,65	27,31	27,96	-0,32	-1,14	19.469.200
ITUB4	7/12/2015	27,97	27,85	28,70	-0,21	-0,75	15.727.700
ITUB4	4/12/2015	28,18	27,70	28,69	-0,64	-2,22	17.378.000
ITUB4	3/12/2015	28,82	28,10	29,42	1,72	6,35	32.180.200
ITUB4	2/12/2015	27,10	26,96	28,05	-0,89	-3,18	20.685.800
ITUB4	1/12/2015	27,99	27,42	28,09	0,22	0,79	12.951.100
ITUB4	30/11/2015	27,79	27,11	28,05	0,22	0,80	27.557.800
ITUB4	27/11/2015	27,57	27,50	28,22	-0,75	-2,65	14.917.800
ITUB4	26/11/2015	28,32	27,90	28,61	0,41	1,47	10.461.500
ITUB4	25/11/2015	27,91	27,80	28,83	-1,44	-4,91	22.377.000
ITUB4	24/11/2015	29,35	28,62	29,36	0,04	0,14	9.695.800
ITUB4	23/11/2015	29,31	29,15	29,73	-0,01	-0,03	13.557.000
ITUB4	19/11/2015	29,32	28,40	29,39	0,78	2,73	19.076.400
ITUB4	18/11/2015	28,54	28,43	29,08	-0,07	-0,24	16.262.100
ITUB4	17/11/2015	28,61	28,45	29,17	0,20	0,70	14.217.400
ITUB4	16/11/2015	28,41	27,70	28,41	0,78	2,82	16.799.700
ITUB4	13/11/2015	27,63	27,63	28,25	-0,79	-2,78	12.889.200
ITUB4	12/11/2015	28,42	27,93	28,50	0,08	0,28	11.585.800
ITUB4	11/11/2015	28,34	27,78	28,49	0,75	2,72	14.264.900
ITUB4	10/11/2015	27,59	26,90	27,59	0,17	0,62	10.202.800
ITUB4	9/11/2015	27,42	27,34	28,08	-0,72	-2,56	10.873.500
ITUB4	6/11/2015	28,14	27,80	28,50	-0,43	-1,51	13.127.800
ITUB4	5/11/2015	28,57	27,93	28,60	0,34	1,20	9.693.600
ITUB4	4/11/2015	28,23	27,97	28,80	0,07	0,25	18.219.200
ITUB4	3/11/2015	28,16	26,67	28,16	1,71	6,47	24.812.100
ITUB4	30/10/2015	26,47	26,02	26,52	0,47	1,81	11.845.400
ITUB4	29/10/2015	26,00	26,00	27,13	-0,73	-2,73	16.122.800
ITUB4	28/10/2015	26,73	26,35	27,43	0,18	0,68	23.636.600
ITUB4	27/10/2015	26,55	26,31	26,87	-0,15	-0,56	12.125.800
ITUB4	26/10/2015	26,70	26,60	27,47	-0,40	-1,48	11.905.100
ITUB4	23/10/2015	27,10	27,08	28,10	-0,18	-0,66	17.379.100
ITUB4	22/10/2015	27,28	26,75	27,36	0,56	2,10	18.210.900
ITUB4	21/10/2015	26,72	26,50	27,16	-0,20	-0,74	14.747.300
ITUB4	20/10/2015	26,92	26,71	27,84	-0,56	-2,04	18.292.400
ITUB4	19/10/2015	27,48	26,80	27,55	0,64	2,38	14.669.900
ITUB4	16/10/2015	26,84	26,70	27,56	-0,41	-1,50	19.808.500
ITUB4	15/10/2015	27,25	26,86	27,96	-0,46	-1,66	23.980.100
ITUB4	14/10/2015	27,71	27,51	28,27	-0,26	-0,93	32.207.100
ITUB4	13/10/2015	27,97	27,66	28,89	-1,58	-5,35	26.643.900
ITUB4	9/10/2015	29,55	28,98	30,21	-0,20	-0,67	25.128.000
ITUB4	8/10/2015	29,75	29,18	29,87	0,11	0,37	17.880.900
ITUB4	7/10/2015	29,64	28,86	30,29	0,82	2,85	25.272.200
ITUB4	6/10/2015	28,82	28,28	28,95	0,26	0,91	15.972.700
ITUB4	5/10/2015	28,56	28,24	29,00	0,59	2,11	16.133.000
ITUB4	2/10/2015	27,97	26,55	27,97	1,09	4,06	19.871.600
ITUB4	1/10/2015	26,88	26,28	27,06	0,39	1,47	12.511.500
ITUB4	30/09/2015	26,51	25,77	26,70	0,59	2,28	23.372.200
ITUB4	29/09/2015	25,92	25,87	26,36	-0,11	-0,42	12.396.900
ITUB4	28/09/2015	26,03	25,54	26,25	-0,02	-0,08	15.891.700
ITUB4	25/09/2015	26,05	25,91	27,29	-0,65	-2,43	13.062.100
ITUB4	24/09/2015	26,70	25,20	26,86	0,30	1,14	29.523.300
ITUB4	23/09/2015	26,40	26,40	27,69	-1,09	-3,97	15.872.900
ITUB4	22/09/2015	27,49	26,44	27,71	0,26	0,95	18.944.000
ITUB4	21/09/2015	27,23	27,02	28,04	-0,62	-2,23	15.458.200
ITUB4	18/09/2015	27,85	27,61	29,00	-1,14	-3,93	28.293.900
ITUB4	17/09/2015	28,99	28,47	29,51	0,00	0,00	19.779.700
ITUB4	16/09/2015	28,99	28,40	29,10	0,72	2,55	24.349.600
ITUB4	15/09/2015	28,27	27,38	28,46	0,68	2,46	21.877.200
ITUB4	14/09/2015	27,59	26,30	27,61	1,07	4,03	18.949.000
ITUB4	11/09/2015	26,52	26,15	26,52	0,05	0,19	18.898.600
ITUB4	10/09/2015	26,47	26,00	26,94	-0,54	-2,00	26.755.600
ITUB4	9/09/2015	27,01	26,92	27,75	0,30	1,12	17.035.500
ITUB4	8/09/2015	26,71	26,61	27,05	0,29	1,10	10.427.400
ITUB4	4/09/2015	26,42	26,42	27,18	-1,12	-4,07	23.507.800
ITUB4	3/09/2015	27,54	26,26	27,54	1,01	3,81	25.942.600
ITUB4	2/09/2015	26,53	25,84	26,53	0,61	2,35	12.550.400
ITUB4	1/09/2015	25,92	25,76	26,39	-0,61	-2,30	16.732.600
ITUB4	31/08/2015	26,55	26,22	26,92	-0,98	-3,56	23.137.900
ITUB4	28/08/2015	27,53	27,22	28,60	-0,81	-2,86	16.532.200
ITUB4	27/08/2015	28,34	27,60	28,75	0,97	3,54	24.216.500
ITUB4	26/08/2015	27,37	25,89	27,37	1,56	6,04	27.233.700
ITUB4	25/08/2015	25,81	25,65	26,88	-0,07	-0,27	25.533.800
ITUB4	24/08/2015	25,88	24,72	26,60	-0,52	-1,97	28.038.400
ITUB4	21/08/2015	26,40	25,87	26,74	0,06	0,23	21.164.000
ITUB4	20/08/2015	26,34	25,82	26,70	0,06	0,23	17.327.000
ITUB4	19/08/2015	26,28	25,90	26,68	-0,55	-2,05	17.056.400
ITUB4	18/08/2015	26,83	25,90	27,68	0,44	1,67	29.969.200
ITUB4	17/08/2015	26,39	26,39	27,27	-0,28	-1,05	13.383.500
ITUB4	14/08/2015	26,67	26,32	26,93	-0,03	-0,11	22.711.800
ITUB4	13/08/2015	26,70	26,50	27,60	-0,68	-2,48	27.055.000
ITUB4	12/08/2015	27,68	27,46	28,18	-0,82	-2,88	26.126.800
ITUB4	11/08/2015	28,50	28,04	28,64	-0,06	-0,21	11.081.500
ITUB4	10/08/2015	28,56	28,13	28,77	0,37	1,31	14.715.600
ITUB4	7/08/2015	28,19	28,05	29,04	-0,85	-2,93	14.871.800
ITUB4	6/08/2015	29,04	28,70	29,35	-0,11	-0,38	17.027.000
ITUB4	5/08/2015	29,15	29,01	29,77	-0,05	-0,17	12.126.600
ITUB4	4/08/2015	29,20	28,91	29,94	-0,72	-2,41	27.293.400
ITUB4	3/08/2015	29,92	29,53	30,10	-0,14	-0,47	12.956.500
ITUB4	31/07/2015	30,08	29,43	30,08	0,82	2,80	13.208.400
ITUB4	30/07/2015	29,26	29,02	29,80	-0,37	-1,25	7.586.000
ITUB4	29/07/2015	29,63	29,10	29,80	0,29	0,99	13.643.400
ITUB4	28/07/2015	29,34	28,50	29,80	0,53	1,84	20.695.500
ITUB4	27/07/2015	28,81	28,61	29,22	-0,06	-0,21	15.649.000
ITUB4	24/07/2015	28,87	28,16	28,95	-0,13	-0,45	25.521.100
ITUB4	23/07/2015	29,00	28,90	30,45	-1,26	-4,16	24.043.600
ITUB4	22/07/2015	30,26	29,94	30,66	-0,48	-1,56	13.053.500
ITUB4	21/07/2015	30,74	30,55	31,17	-0,26	-0,84	9.055.100
ITUB4	20/07/2015	31,00	30,83	31,32	-0,19	-0,61	8.800.800
ITUB4	17/07/2015	31,19	31,01	31,60	-0,19	-0,61	6.577.800
ITUB4	16/07/2015	31,38	31,10	31,75	0,09	0,29	8.783.500
ITUB4	15/07/2015	31,29	31,19	31,88	-0,55	-1,73	10.542.700
ITUB4	14/07/2015	31,84	31,44	31,98	0,03	0,09	7.506.500
ITUB4	13/07/2015	35,00	34,74	35,32	0,32	0,92	6.961.900
ITUB4	10/07/2015	34,68	34,06	34,80	1,02	3,03	12.418.900
ITUB4	8/07/2015	33,66	33,50	34,10	-0,39	-1,15	8.264.100
ITUB4	7/07/2015	34,05	33,28	34,12	0,13	0,38	9.899.400
ITUB4	6/07/2015	33,92	33,71	34,59	-0,59	-1,71	9.175.600
ITUB4	3/07/2015	34,51	34,40	34,85	-0,35	-1,00	4.261.900
ITUB4	2/07/2015	34,86	34,51	35,07	0,46	1,34	9.745.400
ITUB4	1/07/2015	34,40	34,03	34,47	0,20	0,58	10.340.800
ITUB4	30/06/2015	34,22	34,07	34,58	0,01	0,03	10.037.000
ITUB4	29/06/2015	34,21	33,90	34,56	-0,44	-1,27	6.879.900
ITUB4	26/06/2015	34,65	34,23	34,98	0,30	0,87	9.435.600
ITUB4	25/06/2015	34,35	33,99	34,96	-0,60	-1,72	11.243.900
ITUB4	24/06/2015	34,95	34,71	35,29	0,12	0,34	11.329.400
ITUB4	23/06/2015	34,83	34,54	35,19	0,34	0,99	10.366.600
ITUB4	22/06/2015	34,49	34,23	34,83	0,10	0,29	11.684.700
ITUB4	19/06/2015	34,39	33,97	34,62	-0,39	-1,12	14.865.400
ITUB4	18/06/2015	34,78	33,76	34,98	0,84	2,47	8.305.400
ITUB4	17/06/2015	33,94	33,80	34,59	-0,61	-1,77	15.615.500
ITUB4	16/06/2015	34,55	33,57	34,56	1,18	3,54	19.707.500
ITUB4	15/06/2015	33,37	0,00	0,00	0,17	0,51	14.108.400
ITUB4	12/06/2015	33,20	0,00	0,00	-0,35	-1,04	13.472.700
ITUB4	11/06/2015	33,55	33,30	34,24	-0,21	-0,62	15.145.100
ITUB4	10/06/2015	33,76	33,26	34,03	0,96	2,93	24.017.300
ITUB4	9/06/2015	32,80	32,77	33,38	-0,21	-0,64	12.274.300
ITUB4	8/06/2015	33,01	33,00	33,47	-0,14	-0,42	12.874.900
ITUB4	5/06/2015	33,15	33,13	33,97	-0,81	-2,39	11.576.500
ITUB4	3/06/2015	33,96	33,91	34,77	-0,88	-2,53	13.872.300
ITUB4	2/06/2015	34,84	34,14	34,95	0,76	2,23	13.916.800
ITUB4	1/06/2015	34,08	34,04	34,62	-0,23	-0,67	12.370.400
ITUB4	29/05/2015	34,33	34,30	35,10	-0,87	-2,47	19.856.100
ITUB4	28/05/2015	35,20	34,78	35,45	-0,42	-1,18	8.991.400
ITUB4	27/05/2015	35,62	34,63	35,72	0,71	2,03	14.400.400
ITUB4	26/05/2015	34,91	34,75	35,30	-0,52	-1,47	12.333.200
ITUB4	25/05/2015	35,43	35,04	35,67	0,13	0,37	7.621.000
ITUB4	22/05/2015	35,30	35,26	35,80	-0,76	-2,11	23.156.100
ITUB4	21/05/2015	36,06	35,60	36,18	-0,44	-1,21	18.095.300
ITUB4	20/05/2015	36,50	36,24	36,93	-0,66	-1,78	19.311.900
ITUB4	19/05/2015	37,16	36,58	38,04	-0,53	-1,41	11.441.400
ITUB4	18/05/2015	37,69	37,43	38,78	-1,03	-2,66	23.198.300
ITUB4	15/05/2015	38,72	37,90	38,74	0,71	1,87	7.938.500
ITUB4	14/05/2015	38,01	37,45	38,15	0,37	0,98	11.860.100
ITUB4	13/05/2015	37,64	37,51	38,10	-0,26	-0,69	11.046.500
ITUB4	12/05/2015	37,90	37,62	38,24	-0,17	-0,45	12.074.400
ITUB4	11/05/2015	38,07	37,78	38,50	-0,18	-0,47	7.282.100
ITUB4	8/05/2015	38,25	37,30	38,30	0,50	1,32	14.043.500
ITUB4	7/05/2015	37,75	37,10	37,75	0,15	0,40	12.206.800
ITUB4	6/05/2015	37,60	37,20	38,91	-0,97	-2,51	17.690.500
ITUB4	5/05/2015	38,57	38,10	39,24	-0,38	-0,98	14.436.800
ITUB4	4/05/2015	38,95	38,71	39,41	0,44	1,14	10.524.100
ITUB4	30/04/2015	38,53	37,90	38,69	0,27	0,71	10.284.300
ITUB4	29/04/2015	38,26	38,03	38,76	-0,53	-1,37	9.499.800
ITUB4	28/04/2015	38,79	38,01	38,91	0,39	1,02	12.651.300
ITUB4	27/04/2015	38,40	38,23	39,50	-0,73	-1,87	11.216.500
ITUB4	24/04/2015	39,13	37,86	39,44	1,23	3,25	23.360.900
ITUB4	23/04/2015	37,90	36,27	37,95	1,00	2,71	13.365.500
ITUB4	22/04/2015	36,90	35,90	37,15	1,00	2,79	13.295.000
ITUB4	20/04/2015	35,90	35,76	36,77	-0,61	-1,67	17.267.300
ITUB4	17/04/2015	36,51	36,48	36,80	-0,47	-1,27	11.003.300
ITUB4	16/04/2015	36,98	36,77	37,16	-0,28	-0,75	10.110.400
ITUB4	15/04/2015	37,26	36,61	37,33	0,53	1,44	9.407.500
ITUB4	14/04/2015	36,73	36,21	37,03	0,00	0,00	9.491.900
ITUB4	13/04/2015	36,73	36,51	37,27	-0,29	-0,78	9.716.700
ITUB4	10/04/2015	37,02	36,30	37,20	0,27	0,73	9.466.400
ITUB4	9/04/2015	36,75	36,20	36,94	-0,75	-2,00	20.000.000
ITUB4	8/04/2015	37,50	37,38	37,96	0,18	0,48	13.287.500
ITUB4	7/04/2015	37,32	36,91	37,50	0,02	0,05	11.036.600
ITUB4	6/04/2015	37,30	36,86	37,47	0,45	1,22	9.494.800
ITUB4	2/04/2015	36,85	36,45	37,35	0,35	0,96	12.355.200
ITUB4	1/04/2015	36,50	35,68	36,75	1,21	3,43	15.033.300
ITUB4	31/03/2015	35,31	34,48	35,59	0,32	0,91	13.149.500
ITUB4	30/03/2015	34,99	33,93	34,99	1,14	3,37	11.372.300
ITUB4	27/03/2015	33,85	33,60	34,47	-0,60	-1,74	14.310.700
ITUB4	26/03/2015	34,45	34,32	35,27	-1,00	-2,82	12.513.400
ITUB4	25/03/2015	35,45	35,05	36,27	-0,03	-0,08	15.621.100
ITUB4	24/03/2015	35,48	35,09	36,09	-0,22	-0,62	11.405.700
ITUB4	23/03/2015	35,70	35,16	36,10	-0,23	-0,64	9.807.500
ITUB4	20/03/2015	35,93	35,85	36,46	0,30	0,84	15.389.200
ITUB4	19/03/2015	35,63	35,08	35,83	-0,22	-0,61	10.002.200
ITUB4	18/03/2015	35,85	34,35	36,00	1,05	3,02	16.810.100
ITUB4	17/03/2015	34,80	33,76	34,80	0,97	2,87	17.619.500
ITUB4	16/03/2015	33,83	33,42	34,27	0,00	0,00	10.826.000
ITUB4	13/03/2015	33,83	33,13	33,90	-0,17	-0,50	18.691.500
ITUB4	12/03/2015	34,00	33,79	34,39	0,14	0,41	15.566.400
ITUB4	11/03/2015	33,86	33,00	33,91	1,11	3,39	25.048.700
ITUB4	10/03/2015	32,75	32,75	34,05	-1,34	-3,93	29.531.600
ITUB4	9/03/2015	34,09	33,46	34,72	-0,91	-2,60	19.729.700
ITUB4	6/03/2015	35,00	34,66	36,16	-0,96	-2,67	17.163.500
ITUB4	5/03/2015	35,96	35,62	36,50	-0,32	-0,88	10.300.900
ITUB4	4/03/2015	36,28	35,93	36,44	-0,32	-0,87	15.939.600
ITUB4	3/03/2015	36,60	35,99	36,60	0,28	0,77	7.904.200
ITUB4	2/03/2015	36,32	36,01	36,73	-0,16	-0,44	11.577.700
ITUB4	27/02/2015	36,50	36,27	37,57	-0,39	-1,06	18.071.200
ITUB4	26/02/2015	36,89	36,18	36,89	0,18	0,49	7.406.400
ITUB4	25/02/2015	36,71	35,95	36,71	0,09	0,25	8.285.500
ITUB4	24/02/2015	36,62	35,80	36,62	0,38	1,05	9.554.400
ITUB4	23/02/2015	36,24	35,34	36,49	0,35	0,98	9.297.500
ITUB4	20/02/2015	35,89	35,27	36,02	0,19	0,53	6.030.900
ITUB4	19/02/2015	35,70	35,35	36,07	-0,01	-0,03	7.756.200
ITUB4	18/02/2015	35,71	35,51	36,35	0,21	0,59	11.493.600
ITUB4	13/02/2015	35,50	34,45	35,52	1,14	3,32	12.164.100
ITUB4	12/02/2015	34,36	33,70	34,53	0,88	2,63	11.437.300
ITUB4	11/02/2015	33,48	33,11	34,50	-0,65	-1,90	11.709.700
ITUB4	10/02/2015	34,90	34,90	35,65	-0,45	-1,27	11.478.000
ITUB4	9/02/2015	35,35	34,81	35,46	0,22	0,63	12.264.400
ITUB4	6/02/2015	35,13	34,60	35,31	-0,08	-0,23	16.749.200
ITUB4	5/02/2015	35,21	35,00	35,78	-0,30	-0,84	18.774.300
ITUB4	4/02/2015	35,51	34,00	35,72	1,26	3,68	23.915.400
ITUB4	3/02/2015	34,25	34,08	34,67	0,93	2,79	17.965.600
ITUB4	2/02/2015	33,32	32,65	33,38	0,44	1,34	11.467.200
ITUB4	30/01/2015	32,90	32,47	33,08	-0,47	-1,41	17.739.800
ITUB4	29/01/2015	33,37	32,81	34,04	-0,23	-0,68	11.966.000
ITUB4	28/01/2015	33,60	33,59	34,62	-0,70	-2,04	11.191.200
ITUB4	27/01/2015	34,30	33,56	34,57	-0,13	-0,38	12.497.200
ITUB4	26/01/2015	34,43	33,61	34,50	0,40	1,18	9.654.400
ITUB4	23/01/2015	34,03	33,71	34,70	-0,33	-0,96	11.079.500
ITUB4	22/01/2015	34,36	34,17	35,00	0,17	0,50	12.085.400
ITUB4	21/01/2015	34,19	33,17	34,43	0,98	2,95	14.385.400
ITUB4	20/01/2015	33,21	32,96	33,77	0,11	0,33	8.999.400
ITUB4	19/01/2015	33,10	32,95	34,53	-1,24	-3,61	8.269.400
ITUB4	16/01/2015	34,34	33,60	34,52	0,52	1,54	13.847.700
ITUB4	15/01/2015	33,82	33,81	35,16	-0,30	-0,88	12.810.000
ITUB4	14/01/2015	34,12	33,50	34,63	0,23	0,68	12.102.700
ITUB4	13/01/2015	33,89	33,89	34,79	-0,04	-0,12	13.825.800
ITUB4	12/01/2015	33,93	33,88	34,93	-0,84	-2,42	10.821.700
ITUB4	9/01/2015	34,77	34,67	36,15	-1,59	-4,37	9.132.900
ITUB4	8/01/2015	36,36	35,22	36,50	0,56	1,56	11.477.300
ITUB4	7/01/2015	35,80	35,00	36,34	1,25	3,62	12.618.800
ITUB4	6/01/2015	34,55	33,63	34,55	0,55	1,62	14.825.100
ITUB4	5/01/2015	34,00	33,04	34,35	0,17	0,50	12.671.100
ITUB4	2/01/2015	33,83	33,52	34,81	-0,75	-2,17	11.250.100
ITUB4	30/12/2014	34,60	34,54	35,10	-0,20	-0,57	8.616.000
ITUB4	29/12/2014	34,80	34,52	35,10	0,10	0,29	9.220.400
ITUB4	26/12/2014	34,70	34,65	35,37	-0,50	-1,42	4.312.700
ITUB4	23/12/2014	35,20	34,50	35,20	0,16	0,46	7.018.700
ITUB4	22/12/2014	35,04	34,03	35,05	0,24	0,69	7.750.800
ITUB4	19/12/2014	34,80	34,18	34,99	0,53	1,55	9.339.000
ITUB4	18/12/2014	34,27	33,93	35,43	-0,26	-0,75	11.023.500
ITUB4	17/12/2014	34,53	33,02	35,24	1,66	5,05	23.016.100
ITUB4	16/12/2014	32,87	32,00	33,48	-0,16	-0,48	20.987.100
ITUB4	15/12/2014	33,03	32,50	34,25	-0,72	-2,13	19.020.300
ITUB4	12/12/2014	33,75	33,74	35,59	-1,90	-5,33	13.145.700
ITUB4	11/12/2014	35,65	34,79	35,75	0,40	1,13	10.453.600
ITUB4	10/12/2014	35,25	34,80	35,71	-0,54	-1,51	9.129.800
ITUB4	9/12/2014	35,79	35,11	36,15	0,14	0,39	15.176.000
ITUB4	8/12/2014	35,65	35,20	37,07	-1,38	-3,73	8.090.600
ITUB4	5/12/2014	37,03	36,14	37,15	0,69	1,90	7.790.100
ITUB4	4/12/2014	36,34	35,95	37,25	-0,55	-1,49	8.894.700
ITUB4	3/12/2014	36,89	36,41	37,15	0,47	1,29	7.300.300
ITUB4	2/12/2014	36,42	35,99	37,58	-0,56	-1,51	12.116.100
ITUB4	1/12/2014	36,98	36,33	38,42	-1,60	-4,15	15.586.300
ITUB4	28/11/2014	38,60	38,52	39,37	-0,14	-0,36	8.834.500
ITUB4	27/11/2014	38,74	38,40	39,90	-0,58	-1,48	7.618.000
ITUB4	26/11/2014	39,32	39,10	40,07	-0,33	-0,83	10.882.300
ITUB4	25/11/2014	39,65	38,91	40,18	0,50	1,28	12.546.300
ITUB4	24/11/2014	39,15	38,98	40,78	-0,83	-2,08	16.539.700
ITUB4	21/11/2014	39,98	37,66	40,00	2,47	6,58	25.433.300
ITUB4	19/11/2014	37,51	36,06	37,51	1,45	4,02	13.362.400
ITUB4	18/11/2014	36,06	34,73	36,33	1,02	2,91	8.936.600
ITUB4	17/11/2014	35,04	34,76	35,76	-0,26	-0,74	7.597.700
ITUB4	14/11/2014	35,30	34,26	35,40	0,17	0,48	12.249.900
ITUB4	13/11/2014	35,13	35,13	36,77	-1,17	-3,22	8.422.600
ITUB4	12/11/2014	36,30	35,56	37,12	0,27	0,75	9.759.900
ITUB4	11/11/2014	36,03	35,50	36,50	-0,02	-0,06	6.278.200
ITUB4	10/11/2014	36,05	36,04	36,84	-0,10	-0,28	7.377.300
ITUB4	7/11/2014	36,15	35,12	36,23	0,60	1,69	10.135.600
ITUB4	6/11/2014	35,55	35,50	36,70	-1,34	-3,63	11.860.100
ITUB4	5/11/2014	36,89	36,70	37,47	-0,41	-1,10	9.514.100
ITUB4	4/11/2014	37,30	36,57	37,95	0,70	1,91	19.316.200
ITUB4	3/11/2014	36,60	35,76	36,60	-0,13	-0,35	14.595.800
ITUB4	31/10/2014	36,75	35,64	36,75	1,17	3,29	17.996.200
ITUB4	30/10/2014	35,58	33,90	35,58	2,66	8,08	25.068.600
ITUB4	29/10/2014	32,92	32,86	34,24	-0,98	-2,89	12.445.100
ITUB4	28/10/2014	33,90	32,85	34,02	1,90	5,94	16.733.600
ITUB4	27/10/2014	32,00	30,33	32,58	-1,15	-3,47	34.063.300
ITUB4	24/10/2014	33,15	32,14	34,25	0,90	2,79	26.500.400
ITUB4	23/10/2014	32,25	32,22	33,48	-1,53	-4,53	25.163.900
ITUB4	22/10/2014	33,78	33,51	34,50	-0,07	-0,21	14.449.900
ITUB4	21/10/2014	33,85	33,10	34,19	-1,79	-5,02	26.653.100
ITUB4	20/10/2014	35,64	35,55	36,52	-1,06	-2,89	18.324.800
ITUB4	17/10/2014	36,70	35,87	36,89	1,04	2,92	17.936.800
ITUB4	16/10/2014	35,66	35,13	36,67	-0,97	-2,65	21.123.300
ITUB4	15/10/2014	36,63	35,20	37,63	-1,72	-4,49	25.604.000
ITUB4	14/10/2014	38,35	37,34	38,99	0,35	0,92	16.189.200
ITUB4	13/10/2014	38,00	36,34	38,55	2,67	7,56	26.020.900
ITUB4	10/10/2014	35,33	35,17	36,49	-1,44	-3,92	13.353.800
ITUB4	9/10/2014	36,77	0,00	0,00	0,46	1,27	16.592.100
ITUB4	8/10/2014	36,31	35,63	37,70	-0,48	-1,30	24.022.600
ITUB4	7/10/2014	36,79	36,31	37,75	0,06	0,16	26.187.700
ITUB4	6/10/2014	36,73	36,65	39,65	1,87	5,36	33.596.900
ITUB4	3/10/2014	34,86	33,97	34,86	0,80	2,35	13.083.400
ITUB4	2/10/2014	34,06	32,85	34,53	1,10	3,34	17.506.900
ITUB4	1/10/2014	32,96	32,84	33,59	-0,89	-2,63	18.954.900
ITUB4	30/09/2014	33,87	33,53	34,98	-1,19	-3,39	22.957.600
ITUB4	29/09/2014	35,06	34,62	35,89	-2,64	-7,00	22.189.600
ITUB4	26/09/2014	37,70	36,12	37,80	1,52	4,20	8.740.800
ITUB4	25/09/2014	36,18	36,18	37,12	-1,17	-3,13	11.022.600
ITUB4	24/09/2014	37,35	36,56	37,50	0,29	0,78	8.449.300
ITUB4	23/09/2014	37,06	36,78	37,68	-0,18	-0,48	10.102.400
ITUB4	22/09/2014	37,24	36,64	37,32	-0,51	-1,35	8.651.400
ITUB4	19/09/2014	37,75	37,60	38,66	-0,92	-2,38	9.953.600
ITUB4	18/09/2014	38,67	38,39	39,16	-0,46	-1,18	11.560.600
ITUB4	17/09/2014	39,13	39,06	39,87	0,17	0,44	11.563.400
ITUB4	16/09/2014	38,96	38,14	40,05	0,98	2,58	17.167.800
ITUB4	15/09/2014	37,98	36,78	37,98	0,94	2,54	12.536.700
ITUB4	12/09/2014	37,04	36,73	38,05	-1,38	-3,59	22.740.900
ITUB4	11/09/2014	38,42	38,14	38,93	-0,06	-0,16	7.686.100
ITUB4	10/09/2014	38,48	37,89	38,75	-0,42	-1,08	13.218.800
ITUB4	9/09/2014	38,90	38,42	39,50	-0,61	-1,54	13.684.900
ITUB4	8/09/2014	39,51	39,50	41,10	-1,05	-2,59	11.996.700
ITUB4	5/09/2014	40,56	40,01	40,59	0,30	0,75	15.059.400
ITUB4	4/09/2014	40,26	39,93	41,10	-0,84	-2,04	11.999.000
ITUB4	3/09/2014	41,10	40,42	41,62	-0,14	-0,34	13.248.700
ITUB4	2/09/2014	41,24	40,08	41,41	0,74	1,83	10.668.700
ITUB4	1/09/2014	40,50	40,16	41,28	0,16	0,40	8.226.700
ITUB4	29/08/2014	40,36	39,52	40,65	0,90	2,28	13.544.400
ITUB4	28/08/2014	39,46	39,21	39,94	-0,38	-0,95	12.610.100
ITUB4	27/08/2014	39,84	38,83	39,98	1,17	3,03	15.821.100
ITUB4	26/08/2014	38,67	38,17	38,76	0,26	0,68	10.436.500
ITUB4	25/08/2014	38,41	37,74	38,42	0,93	2,48	8.878.800
ITUB4	22/08/2014	37,48	37,26	37,85	-0,43	-1,13	8.055.300
ITUB4	21/08/2014	37,91	37,33	37,94	0,22	0,58	8.410.900
ITUB4	20/08/2014	37,69	37,19	37,77	0,18	0,48	11.731.600
ITUB4	19/08/2014	37,51	36,04	37,51	1,24	3,42	11.247.200
ITUB4	18/08/2014	36,27	35,71	36,36	0,52	1,45	8.770.500
ITUB4	15/08/2014	35,75	35,50	35,96	0,52	1,48	9.161.700
ITUB4	14/08/2014	35,23	34,66	35,23	0,58	1,67	12.550.100
ITUB4	13/08/2014	34,93	34,69	35,96	-0,61	-1,72	15.860.500
ITUB4	12/08/2014	35,54	35,24	35,92	-0,10	-0,28	5.815.000
ITUB4	11/08/2014	35,64	35,07	35,79	0,64	1,83	8.428.800
ITUB4	8/08/2014	35,00	34,56	35,39	-0,48	-1,35	7.728.500
ITUB4	7/08/2014	35,48	35,25	36,06	-0,32	-0,89	9.262.700
ITUB4	6/08/2014	35,80	35,51	36,40	-0,15	-0,42	8.972.900
ITUB4	5/08/2014	35,95	35,95	36,76	0,48	1,35	17.520.700
ITUB4	4/08/2014	35,47	34,63	35,58	0,52	1,49	9.893.500
ITUB4	1/08/2014	34,95	34,53	35,19	-0,13	-0,37	10.900.700
ITUB4	30/07/2014	35,84	35,60	35,98	0,17	0,48	7.431.800
ITUB4	29/07/2014	35,67	35,20	36,35	0,16	0,45	9.914.900
ITUB4	28/07/2014	35,51	35,34	35,89	-0,24	-0,67	6.402.000
ITUB4	25/07/2014	35,75	35,44	36,17	-0,15	-0,42	8.807.500
ITUB4	24/07/2014	35,90	35,25	36,04	0,52	1,47	12.112.500
ITUB4	23/07/2014	35,38	34,86	35,49	0,01	0,03	6.291.000
ITUB4	22/07/2014	35,37	35,05	35,64	-0,07	-0,20	7.572.900
ITUB4	21/07/2014	35,44	34,82	35,78	0,30	0,85	9.357.900
ITUB4	18/07/2014	35,14	34,44	35,41	1,64	4,90	19.016.900
ITUB4	17/07/2014	33,50	33,00	33,89	0,05	0,15	9.455.800
ITUB4	16/07/2014	33,45	33,23	34,20	-0,89	-2,59	14.352.400
ITUB4	15/07/2014	34,34	33,74	34,45	0,41	1,21	7.249.000
ITUB4	14/07/2014	33,93	33,30	34,14	0,76	2,29	10.810.200
ITUB4	11/07/2014	33,17	32,75	33,44	-0,03	-0,09	8.366.800
ITUB4	10/07/2014	33,20	31,90	33,20	1,47	4,63	19.773.000
ITUB4	8/07/2014	31,73	31,58	32,08	-0,17	-0,53	4.079.200
ITUB4	7/07/2014	31,90	31,52	31,99	0,13	0,41	4.186.500
ITUB4	4/07/2014	31,77	31,64	31,87	-0,02	-0,06	1.211.600
ITUB4	3/07/2014	31,79	31,32	31,82	0,23	0,73	7.255.600
ITUB4	2/07/2014	31,56	31,42	32,06	-0,52	-1,62	7.783.700
ITUB4	1/07/2014	32,08	31,76	32,35	0,13	0,41	4.253.700
ITUB4	30/06/2014	31,97	31,60	32,29	-0,14	-0,44	6.806.100
ITUB4	27/06/2014	32,11	31,82	32,49	-0,10	-0,31	5.958.300
ITUB4	26/06/2014	32,21	32,10	32,68	-0,11	-0,34	9.923.600
ITUB4	25/06/2014	32,32	32,27	33,40	-1,06	-3,18	9.607.300
ITUB4	24/06/2014	33,38	33,08	33,75	0,06	0,18	6.728.400
ITUB4	23/06/2014	33,32	32,79	33,71	-0,25	-0,74	7.113.800
ITUB4	20/06/2014	33,57	33,51	33,96	-0,50	-1,47	6.523.200
ITUB4	18/06/2014	34,07	33,07	34,10	0,46	1,37	12.329.800
ITUB4	17/06/2014	33,61	33,39	34,00	-0,45	-1,32	5.397.200
ITUB4	16/06/2014	34,06	33,75	34,24	-0,23	-0,67	7.477.900
ITUB4	13/06/2014	34,29	34,03	34,46	-0,19	-0,55	10.624.100
ITUB4	11/06/2014	34,48	34,03	34,64	0,70	2,07	13.695.000
ITUB4	10/06/2014	33,78	33,39	33,94	-0,09	-0,27	14.018.000
ITUB4	9/06/2014	33,87	32,36	33,97	1,23	3,77	13.812.500
ITUB4	6/06/2014	32,64	32,11	33,42	1,22	3,88	17.940.400
ITUB4	5/06/2014	34,57	34,37	35,23	-0,26	-0,75	14.764.400
ITUB4	4/06/2014	34,83	34,67	35,13	-0,40	-1,14	11.252.500
ITUB4	3/06/2014	35,23	34,76	35,25	0,21	0,60	6.831.800
ITUB4	2/06/2014	35,02	34,75	35,29	0,14	0,40	5.419.400
ITUB4	30/05/2014	34,90	34,84	35,71	-0,90	-2,51	9.708.300
ITUB4	29/05/2014	35,80	35,63	36,64	-0,55	-1,51	5.985.200
ITUB4	28/05/2014	36,35	35,60	36,57	0,65	1,82	11.788.100
ITUB4	27/05/2014	35,70	35,53	36,63	0,02	0,06	12.027.800
ITUB4	26/05/2014	35,68	35,32	35,91	-0,11	-0,31	3.639.400
ITUB4	23/05/2014	35,79	35,57	36,45	-0,55	-1,51	9.144.500
ITUB4	22/05/2014	36,34	35,41	36,90	0,44	1,23	12.229.900
ITUB4	21/05/2014	35,90	35,90	37,11	-0,78	-2,13	11.942.900
ITUB4	20/05/2014	36,68	36,56	37,73	-0,66	-1,77	8.948.800
ITUB4	19/05/2014	37,34	37,15	37,66	-0,24	-0,64	7.622.600
ITUB4	16/05/2014	37,58	37,18	37,68	0,37	0,99	5.828.600
ITUB4	15/05/2014	37,21	36,88	37,42	-0,28	-0,75	5.224.600
ITUB4	14/05/2014	37,49	37,11	37,58	0,16	0,43	6.756.800
ITUB4	13/05/2014	37,33	37,06	37,56	-0,23	-0,61	6.800.700
ITUB4	12/05/2014	37,56	36,89	37,56	0,71	1,93	5.392.100
ITUB4	9/05/2014	36,85	36,65	37,28	-0,33	-0,89	8.031.400
ITUB4	8/05/2014	37,18	36,98	37,84	-0,58	-1,54	5.796.500
ITUB4	7/05/2014	37,76	37,08	37,90	0,26	0,69	8.795.900
ITUB4	6/05/2014	37,50	36,90	37,62	-0,35	-0,92	12.775.700
ITUB4	5/05/2014	37,85	37,33	37,90	0,40	1,07	9.756.800
ITUB4	2/05/2014	37,45	36,56	37,82	0,67	1,82	20.651.700
ITUB4	30/04/2014	36,80	36,34	36,95	0,00	0,00	10.249.000
ITUB4	29/04/2014	36,80	36,35	37,32	0,02	0,05	18.643.800
ITUB4	28/04/2014	36,78	36,44	36,85	-0,07	-0,19	7.774.300
ITUB4	25/04/2014	36,85	36,04	36,96	0,35	0,96	11.740.900
ITUB4	24/04/2014	36,50	35,68	36,61	0,77	2,16	9.565.600
ITUB4	23/04/2014	35,73	35,45	36,05	-0,07	-0,20	9.401.100
ITUB4	22/04/2014	35,80	35,02	35,90	0,25	0,70	12.351.400
ITUB4	17/04/2014	35,55	34,25	35,58	0,88	2,54	10.242.600
ITUB4	16/04/2014	34,67	34,06	34,79	0,62	1,82	9.297.800
ITUB4	15/04/2014	34,05	33,60	34,69	-0,84	-2,41	10.479.200
ITUB4	14/04/2014	34,89	34,57	35,46	-0,45	-1,27	6.705.100
ITUB4	11/04/2014	35,34	33,98	35,34	0,82	2,38	11.193.200
ITUB4	10/04/2014	34,52	34,07	34,65	0,37	1,08	9.288.600
ITUB4	9/04/2014	34,15	33,76	34,58	-0,46	-1,33	14.410.200
ITUB4	8/04/2014	34,61	34,46	36,27	-0,51	-1,45	19.095.500
ITUB4	7/04/2014	35,12	34,48	35,17	0,78	2,27	13.168.600
ITUB4	4/04/2014	34,34	34,16	35,57	-0,50	-1,44	11.016.100
ITUB4	3/04/2014	34,84	34,50	35,31	-0,41	-1,16	9.899.900
ITUB4	2/04/2014	35,25	33,92	35,29	1,10	3,22	14.661.400
ITUB4	1/04/2014	34,15	33,61	34,30	0,27	0,80	11.034.000
ITUB4	31/03/2014	33,90	33,14	33,94	0,66	1,99	10.562.900
ITUB4	28/03/2014	33,24	33,11	33,60	-0,20	-0,60	12.795.500
ITUB4	27/03/2014	33,44	33,04	33,78	0,71	2,17	19.154.800
ITUB4	26/03/2014	32,73	32,24	33,19	0,28	0,86	11.476.600
ITUB4	25/03/2014	32,45	31,90	32,79	0,18	0,56	10.478.300
ITUB4	24/03/2014	32,27	31,42	32,49	0,91	2,90	10.677.000
ITUB4	21/03/2014	31,36	30,76	31,89	0,12	0,38	12.624.100
ITUB4	20/03/2014	31,24	30,25	31,38	0,64	2,09	10.149.100
ITUB4	19/03/2014	30,60	30,27	30,86	0,14	0,46	7.849.400
ITUB4	18/03/2014	30,46	29,69	30,51	0,56	1,87	9.720.200
ITUB4	17/03/2014	29,90	29,42	29,99	0,61	2,08	10.265.300
ITUB4	14/03/2014	29,29	29,10	30,30	-0,80	-2,66	12.636.100
ITUB4	13/03/2014	30,09	29,96	30,67	-0,41	-1,34	9.379.800
ITUB4	12/03/2014	30,50	30,20	30,71	-0,38	-1,23	9.472.400
ITUB4	11/03/2014	30,88	30,62	31,14	0,33	1,08	8.089.800
ITUB4	10/03/2014	30,55	30,03	30,97	-0,40	-1,29	9.073.500
ITUB4	7/03/2014	30,95	30,80	31,76	-0,63	-1,99	9.390.200
ITUB4	6/03/2014	31,58	30,54	31,58	0,85	2,77	8.324.100
ITUB4	5/03/2014	30,73	30,50	31,04	-0,48	-1,54	6.199.400
ITUB4	28/02/2014	31,23	30,98	31,85	-0,20	-0,64	12.314.900
ITUB4	27/02/2014	31,43	30,94	31,57	0,49	1,58	7.883.000
ITUB4	26/02/2014	30,94	30,80	31,19	-0,12	-0,39	9.235.400
ITUB4	25/02/2014	31,06	30,93	31,33	-0,21	-0,67	5.717.700
ITUB4	24/02/2014	31,27	30,86	31,45	0,17	0,55	6.975.900
ITUB4	21/02/2014	31,10	30,87	31,30	0,04	0,13	7.634.100
ITUB4	20/02/2014	31,06	30,68	31,50	-0,04	-0,13	9.660.000
ITUB4	19/02/2014	31,10	30,25	31,14	0,52	1,70	11.312.500
ITUB4	18/02/2014	31,11	31,10	31,68	-0,09	-0,29	9.876.000
ITUB4	17/02/2014	31,20	31,15	31,91	-0,40	-1,27	5.649.500
ITUB4	14/02/2014	31,60	30,96	31,65	0,24	0,77	8.509.700
ITUB4	13/02/2014	31,36	30,83	31,38	-0,14	-0,44	10.622.800
ITUB4	12/02/2014	31,50	31,43	31,99	-0,34	-1,07	8.937.100
ITUB4	11/02/2014	31,84	31,36	32,00	0,06	0,19	10.831.100
ITUB4	10/02/2014	31,78	31,46	31,90	-0,05	-0,16	6.526.600
ITUB4	7/02/2014	31,83	31,25	32,30	-0,02	-0,06	11.453.200
ITUB4	6/02/2014	31,85	31,29	32,20	0,65	2,08	13.063.100
ITUB4	5/02/2014	31,20	30,72	31,65	-0,15	-0,48	16.094.700
ITUB4	4/02/2014	31,35	30,77	31,72	1,45	4,85	31.824.200
ITUB4	3/02/2014	29,90	29,44	30,18	-0,36	-1,19	17.697.100
ITUB4	31/01/2014	30,28	29,20	30,29	0,76	2,57	12.591.200
ITUB4	30/01/2014	29,52	29,21	29,96	0,03	0,10	11.622.100
ITUB4	29/01/2014	29,49	29,33	30,05	-0,57	-1,90	12.386.500
ITUB4	28/01/2014	30,06	29,95	30,50	0,21	0,70	10.041.100
ITUB4	27/01/2014	29,85	29,16	29,98	0,59	2,02	11.339.000
ITUB4	24/01/2014	29,26	28,91	29,89	-0,39	-1,32	15.303.800
ITUB4	23/01/2014	29,65	29,60	30,76	-0,60	-1,98	12.385.800
ITUB4	22/01/2014	30,25	30,00	30,55	0,07	0,23	10.269.300
ITUB4	21/01/2014	30,18	29,71	30,46	0,42	1,41	11.019.900
ITUB4	20/01/2014	29,76	29,61	30,12	-0,24	-0,80	4.328.700
ITUB4	17/01/2014	30,00	30,00	30,75	-0,60	-1,96	10.846.300
ITUB4	16/01/2014	30,60	30,47	31,43	-0,65	-2,08	14.823.200
ITUB4	15/01/2014	31,25	31,17	31,50	0,01	0,03	10.257.300
ITUB4	14/01/2014	31,24	30,68	31,36	0,46	1,49	12.887.000
ITUB4	13/01/2014	30,78	30,78	31,19	-0,14	-0,45	9.880.500
ITUB4	10/01/2014	30,92	30,70	31,26	0,15	0,49	10.647.700
ITUB4	9/01/2014	30,77	30,75	31,59	-0,99	-3,12	14.978.400
ITUB4	8/01/2014	31,76	31,35	31,76	0,49	1,57	10.740.300
ITUB4	7/01/2014	31,27	31,27	31,83	-0,24	-0,76	12.661.900
ITUB4	6/01/2014	31,51	31,34	31,70	0,20	0,64	12.726.100
ITUB4	3/01/2014	31,31	31,31	31,78	-0,21	-0,67	19.939.300
ITUB4	2/01/2014	31,52	31,19	31,74	0,19	0,61	12.578.100